/* Professors */
INSERT INTO PROFESSOR(PROFESSOR_SSN, PROFESSOR_NAME, PROFESSOR_STREET, PROFESSOR_CITY,PROFESSOR_STATE,
			PROFESSOR_ZIP, PROFESSOR_SEX, PROFESSOR_PHONE, PROFESSOR_TITLE)
VALUES		(123456789,"Shawn X. Wang","800 N State College Blvd","Fullerton","CA",92831,"M",6572783556,"Dr.");

INSERT INTO PROFESSOR(PROFESSOR_SSN, PROFESSOR_NAME, PROFESSOR_STREET, PROFESSOR_CITY,PROFESSOR_STATE,
			PROFESSOR_ZIP, PROFESSOR_SEX, PROFESSOR_PHONE, PROFESSOR_TITLE)
VALUES		(987654321,"Jennifer Richardson","1030 Rexford Ln.","Anaheim","CA",92808,"F",5558675309,"Dr.");

INSERT INTO PROFESSOR(PROFESSOR_SSN, PROFESSOR_NAME, PROFESSOR_STREET, PROFESSOR_CITY,PROFESSOR_STATE,
			PROFESSOR_ZIP, PROFESSOR_SEX, PROFESSOR_PHONE, PROFESSOR_TITLE)
VALUES		(745652984,"Richard Bullock","781 Chapman Ave","Orange","CA",92808,"F",7148962314,"Dr.");

INSERT INTO PROFESSOR(PROFESSOR_SSN, PROFESSOR_NAME, PROFESSOR_STREET, PROFESSOR_CITY,PROFESSOR_STATE,
			PROFESSOR_ZIP, PROFESSOR_SEX, PROFESSOR_PHONE, PROFESSOR_TITLE)
VALUES		(141449193,"David Smith","1049 Lincoln Ave.","Anaheim","CA",92801,"M",7148972819,"Mr.");

INSERT INTO PROFESSOR(PROFESSOR_SSN, PROFESSOR_NAME, PROFESSOR_STREET, PROFESSOR_CITY,PROFESSOR_STATE,
			PROFESSOR_ZIP, PROFESSOR_SEX, PROFESSOR_PHONE, PROFESSOR_TITLE)
VALUES		(949194135,"Kathy Williams","883 Nutwood Ave.","Fullerton","CA",92831,"F",7148474818,"Dr.");

/* Professor degrees */
INSERT INTO DEGREE(DEGREE_OWNER_SSN, DEGREE_NAME)
VALUES		(123456789,"Ph.D Computer Science");

INSERT INTO DEGREE(DEGREE_OWNER_SSN, DEGREE_NAME)
VALUES		(123456789,"M.A Computer Science");

INSERT INTO DEGREE(DEGREE_OWNER_SSN, DEGREE_NAME)
VALUES		(123456789,"B.S Mathematics");

INSERT INTO DEGREE(DEGREE_OWNER_SSN, DEGREE_NAME)
VALUES		(987654321,"Ph.D Physics");

INSERT INTO DEGREE(DEGREE_OWNER_SSN, DEGREE_NAME)
VALUES		(987654321,"M.A Physics");

INSERT INTO DEGREE(DEGREE_OWNER_SSN, DEGREE_NAME)
VALUES		(987654321,"B.S Mathematics");

INSERT INTO DEGREE(DEGREE_OWNER_SSN, DEGREE_NAME)
VALUES		(745652984,"Ph.D Computer Engineering");

INSERT INTO DEGREE(DEGREE_OWNER_SSN, DEGREE_NAME)
VALUES		(745652984,"M.A Computer Engineering");

INSERT INTO DEGREE(DEGREE_OWNER_SSN, DEGREE_NAME)
VALUES		(745652984,"B.S Computer Science");

INSERT INTO DEGREE(DEGREE_OWNER_SSN, DEGREE_NAME)
VALUES		(141449193,"M.A Computer Science");

INSERT INTO DEGREE(DEGREE_OWNER_SSN, DEGREE_NAME)
VALUES		(141449193,"B.S Computer Science");

INSERT INTO DEGREE(DEGREE_OWNER_SSN, DEGREE_NAME)
VALUES		(949194135,"Ph.D Biology");

INSERT INTO DEGREE(DEGREE_OWNER_SSN, DEGREE_NAME)
VALUES		(949194135,"M.A Biology");

INSERT INTO DEGREE(DEGREE_OWNER_SSN, DEGREE_NAME)
VALUES		(949194135,"B.S Biology");

/* Departments */
INSERT INTO DEPARTMENT(DEPARTMENT_NUMBER, DEPARTMENT_NAME, DEPARTMENT_PHONE, DEPARTMENT_OFFICE, DEPARTMENT_CHAIR_SSN)
VALUES		(12345, "Computer Science", 7142703698, "CS-555", 123456789);

INSERT INTO DEPARTMENT(DEPARTMENT_NUMBER, DEPARTMENT_NAME, DEPARTMENT_PHONE, DEPARTMENT_OFFICE, DEPARTMENT_CHAIR_SSN)
VALUES		(54321, "Physics", 7144563210, "MH-324", 987654321);

INSERT INTO DEPARTMENT(DEPARTMENT_NUMBER, DEPARTMENT_NAME, DEPARTMENT_PHONE, DEPARTMENT_OFFICE, DEPARTMENT_CHAIR_SSN)
VALUES		(65423, "Computer Engineering", 714457652, "CS-444", 745652984);

INSERT INTO DEPARTMENT(DEPARTMENT_NUMBER, DEPARTMENT_NAME, DEPARTMENT_PHONE, DEPARTMENT_OFFICE, DEPARTMENT_CHAIR_SSN)
VALUES		(10478, "Biology", 7148963201, "MH-215", 949194135);

/* Courses */
INSERT INTO COURSE(COURSE_DEPARTMENT_NUMBER, COURSE_NUMBER, COURSE_TITLE, COURSE_TEXTBOOK, COURSE_UNITS)
VALUES		(12345, "CPSC-332", "File Structures and Database Systems", "Fundamentals of Database Systems, Sixth Edition", 3);

INSERT INTO COURSE(COURSE_DEPARTMENT_NUMBER, COURSE_NUMBER, COURSE_TITLE, COURSE_TEXTBOOK, COURSE_UNITS)
VALUES		(12345, "CPSC-476", "Java Enterprise Application Development", "The Java EE 7 Tutorial", 3);

INSERT INTO COURSE(COURSE_DEPARTMENT_NUMBER, COURSE_NUMBER, COURSE_TITLE, COURSE_TEXTBOOK, COURSE_UNITS)
VALUES		(12345, "CPSC-471", "Computer Networking", "Computer Networking: A Top-Down Approach", 3);

INSERT INTO COURSE(COURSE_DEPARTMENT_NUMBER, COURSE_NUMBER, COURSE_TITLE, COURSE_TEXTBOOK, COURSE_UNITS)
VALUES		(10478, "BIOL-101", "Intro to Biology", "Science 101: Biology", 3);
INSERT INTO COURSE(COURSE_DEPARTMENT_NUMBER, COURSE_NUMBER, COURSE_TITLE, COURSE_TEXTBOOK, COURSE_UNITS)
VALUES      (10478, "BIOL-301", "Advanced Biology", "Science 101: Biology", 3);



INSERT INTO COURSE(COURSE_DEPARTMENT_NUMBER, COURSE_NUMBER, COURSE_TITLE, COURSE_TEXTBOOK, COURSE_UNITS)
VALUES		(65423, "EGCP-180", "Digital Logic and Computer Structures", "Computer Architecture: A Quantitative Approach", 3);
INSERT INTO COURSE(COURSE_DEPARTMENT_NUMBER, COURSE_NUMBER, COURSE_TITLE, COURSE_TEXTBOOK, COURSE_UNITS)
VALUES      (65423, "EGCP-101", "Intro to circuits", "Computer Architecture: A Quantitative Approach", 3);

INSERT INTO COURSE(COURSE_DEPARTMENT_NUMBER, COURSE_NUMBER, COURSE_TITLE, COURSE_TEXTBOOK, COURSE_UNITS)
VALUES		(54321, "PHYS-101", "Intro to Physics", "Theoretical Concepts in Physics", 3);
INSERT INTO COURSE(COURSE_DEPARTMENT_NUMBER, COURSE_NUMBER, COURSE_TITLE, COURSE_TEXTBOOK, COURSE_UNITS)
VALUES      (54321, "PHYS-201", "Intermediate Physics", "Theoretical Concepts in Physics", 3);


/* Sections */
INSERT INTO SECTION(SECTION_NUMBER, SECTION_COURSE_NUMBER, SECTION_PROFESSOR_SSN, SECTION_CLASSROOM, SECTION_DAYS, SECTION_SEATS, SECTION_BEGINNING_TIME, SECTION_ENDING_TIME)
VALUES		(52314, "CPSC-332", 123456789, "CS-102", "TTH", 30, '17:30:00', '18:45:00');

INSERT INTO SECTION(SECTION_NUMBER, SECTION_COURSE_NUMBER, SECTION_PROFESSOR_SSN, SECTION_CLASSROOM, SECTION_DAYS, SECTION_SEATS, SECTION_BEGINNING_TIME, SECTION_ENDING_TIME)
VALUES		(44304, "CPSC-332", 123456789, "CS-102", "TTH", 30, '16:00:00', '17:15:00');

INSERT INTO SECTION(SECTION_NUMBER, SECTION_COURSE_NUMBER, SECTION_PROFESSOR_SSN, SECTION_CLASSROOM, SECTION_DAYS, SECTION_SEATS, SECTION_BEGINNING_TIME, SECTION_ENDING_TIME)
VALUES		(12657, "CPSC-476", 141449193, "CS-408", "T", 30, '19:00:00', '22:00:00');

INSERT INTO SECTION(SECTION_NUMBER, SECTION_COURSE_NUMBER, SECTION_PROFESSOR_SSN, SECTION_CLASSROOM, SECTION_DAYS, SECTION_SEATS, SECTION_BEGINNING_TIME, SECTION_ENDING_TIME)
VALUES		(14587, "CPSC-476", 141449193, "CS-408", "TH", 30, '19:00:00', '22:00:00');

INSERT INTO SECTION(SECTION_NUMBER, SECTION_COURSE_NUMBER, SECTION_PROFESSOR_SSN, SECTION_CLASSROOM, SECTION_DAYS, SECTION_SEATS, SECTION_BEGINNING_TIME, SECTION_ENDING_TIME)
VALUES		(13654, "CPSC-471", 123456789, "CS-400", "MW", 40, '12:00:00', '13:45:00');

INSERT INTO SECTION(SECTION_NUMBER, SECTION_COURSE_NUMBER, SECTION_PROFESSOR_SSN, SECTION_CLASSROOM, SECTION_DAYS, SECTION_SEATS, SECTION_BEGINNING_TIME, SECTION_ENDING_TIME)
VALUES		(13454, "CPSC-471", 123456789, "CS-400", "TTH", 40, '12:00:00', '13:45:00');

INSERT INTO SECTION(SECTION_NUMBER, SECTION_COURSE_NUMBER, SECTION_PROFESSOR_SSN, SECTION_CLASSROOM, SECTION_DAYS, SECTION_SEATS, SECTION_BEGINNING_TIME, SECTION_ENDING_TIME)
VALUES		(24563, "BIOL-101", 949194135, "MH-115", "MWF", 40, '08:00:00', '09:15:00');

INSERT INTO SECTION(SECTION_NUMBER, SECTION_COURSE_NUMBER, SECTION_PROFESSOR_SSN, SECTION_CLASSROOM, SECTION_DAYS, SECTION_SEATS, SECTION_BEGINNING_TIME, SECTION_ENDING_TIME)
VALUES		(24564, "BIOL-101", 949194135, "MH-115", "MWF", 40, '09:30:00', '10:45:00');

INSERT INTO SECTION(SECTION_NUMBER, SECTION_COURSE_NUMBER, SECTION_PROFESSOR_SSN, SECTION_CLASSROOM, SECTION_DAYS, SECTION_SEATS, SECTION_BEGINNING_TIME, SECTION_ENDING_TIME)
VALUES		(27863, "BIOL-101", 949194135, "MH-115", "TTH", 40, '08:00:00', '09:15:00');

INSERT INTO SECTION(SECTION_NUMBER, SECTION_COURSE_NUMBER, SECTION_PROFESSOR_SSN, SECTION_CLASSROOM, SECTION_DAYS, SECTION_SEATS, SECTION_BEGINNING_TIME, SECTION_ENDING_TIME)
VALUES      (24536, "BIOL-301", 949194135, "MH-115", "MWF", 40, '13:00:00', '14:15:00');

INSERT INTO SECTION(SECTION_NUMBER, SECTION_COURSE_NUMBER, SECTION_PROFESSOR_SSN, SECTION_CLASSROOM, SECTION_DAYS, SECTION_SEATS, SECTION_BEGINNING_TIME, SECTION_ENDING_TIME)
VALUES      (24546, "BIOL-301", 949194135, "MH-115", "MWF", 40, '14:30:00', '15:45:00');

INSERT INTO SECTION(SECTION_NUMBER, SECTION_COURSE_NUMBER, SECTION_PROFESSOR_SSN, SECTION_CLASSROOM, SECTION_DAYS, SECTION_SEATS, SECTION_BEGINNING_TIME, SECTION_ENDING_TIME)
VALUES      (27891, "BIOL-301", 949194135, "MH-115", "TTH", 40, '10:30:00', '11:45:00');

INSERT INTO SECTION(SECTION_NUMBER, SECTION_COURSE_NUMBER, SECTION_PROFESSOR_SSN, SECTION_CLASSROOM, SECTION_DAYS, SECTION_SEATS, SECTION_BEGINNING_TIME, SECTION_ENDING_TIME)
VALUES		(27463, "PHYS-101", 987654321, "MH-315", "TTH", 40, '08:00:00', '09:15:00');

INSERT INTO SECTION(SECTION_NUMBER, SECTION_COURSE_NUMBER, SECTION_PROFESSOR_SSN, SECTION_CLASSROOM, SECTION_DAYS, SECTION_SEATS, SECTION_BEGINNING_TIME, SECTION_ENDING_TIME)
VALUES		(27456, "PHYS-101", 987654321, "MH-315", "TTH", 40, '10:00:00', '11:15:00');

INSERT INTO SECTION(SECTION_NUMBER, SECTION_COURSE_NUMBER, SECTION_PROFESSOR_SSN, SECTION_CLASSROOM, SECTION_DAYS, SECTION_SEATS, SECTION_BEGINNING_TIME, SECTION_ENDING_TIME)
VALUES		(27743, "PHYS-101", 987654321, "MH-315", "MW", 40, '14:00:00', '15:15:00');

INSERT INTO SECTION(SECTION_NUMBER, SECTION_COURSE_NUMBER, SECTION_PROFESSOR_SSN, SECTION_CLASSROOM, SECTION_DAYS, SECTION_SEATS, SECTION_BEGINNING_TIME, SECTION_ENDING_TIME)
VALUES      (29263, "PHYS-201", 987654321, "MH-315", "M", 40, '19:00:00', '21:00:00');

INSERT INTO SECTION(SECTION_NUMBER, SECTION_COURSE_NUMBER, SECTION_PROFESSOR_SSN, SECTION_CLASSROOM, SECTION_DAYS, SECTION_SEATS, SECTION_BEGINNING_TIME, SECTION_ENDING_TIME)
VALUES      (24756, "PHYS-201", 987654321, "MH-315", "W", 40, '19:00:00', '21:00:00');

INSERT INTO SECTION(SECTION_NUMBER, SECTION_COURSE_NUMBER, SECTION_PROFESSOR_SSN, SECTION_CLASSROOM, SECTION_DAYS, SECTION_SEATS, SECTION_BEGINNING_TIME, SECTION_ENDING_TIME)
VALUES      (28843, "PHYS-201", 987654321, "MH-315", "F", 40, '19:00:00', '21:00:00');

INSERT INTO SECTION(SECTION_NUMBER, SECTION_COURSE_NUMBER, SECTION_PROFESSOR_SSN, SECTION_CLASSROOM, SECTION_DAYS, SECTION_SEATS, SECTION_BEGINNING_TIME, SECTION_ENDING_TIME)
VALUES      (19823, "EGCP-101", 745652984, "CS-310", "TTH", 40, '20:00:00', '21:15:00');

INSERT INTO SECTION(SECTION_NUMBER, SECTION_COURSE_NUMBER, SECTION_PROFESSOR_SSN, SECTION_CLASSROOM, SECTION_DAYS, SECTION_SEATS, SECTION_BEGINNING_TIME, SECTION_ENDING_TIME)
VALUES      (19147, "EGCP-101", 745652984, "CS-310", "MW", 40, '08:00:00', '09:15:00');

INSERT INTO SECTION(SECTION_NUMBER, SECTION_COURSE_NUMBER, SECTION_PROFESSOR_SSN, SECTION_CLASSROOM, SECTION_DAYS, SECTION_SEATS, SECTION_BEGINNING_TIME, SECTION_ENDING_TIME)
VALUES      (18444, "EGCP-101", 745652984, "CS-310", "MW", 40, '10:00:00', '11:15:00');

INSERT INTO SECTION(SECTION_NUMBER, SECTION_COURSE_NUMBER, SECTION_PROFESSOR_SSN, SECTION_CLASSROOM, SECTION_DAYS, SECTION_SEATS, SECTION_BEGINNING_TIME, SECTION_ENDING_TIME)
VALUES      (19865, "EGCP-101", 745652984, "CS-310", "TTH", 40, '12:00:00', '12:15:00');

INSERT INTO SECTION(SECTION_NUMBER, SECTION_COURSE_NUMBER, SECTION_PROFESSOR_SSN, SECTION_CLASSROOM, SECTION_DAYS, SECTION_SEATS, SECTION_BEGINNING_TIME, SECTION_ENDING_TIME)
VALUES		(19463, "EGCP-180", 745652984, "CS-310", "TTH", 40, '15:00:00', '16:15:00');

INSERT INTO SECTION(SECTION_NUMBER, SECTION_COURSE_NUMBER, SECTION_PROFESSOR_SSN, SECTION_CLASSROOM, SECTION_DAYS, SECTION_SEATS, SECTION_BEGINNING_TIME, SECTION_ENDING_TIME)
VALUES		(13647, "EGCP-180", 745652984, "CS-310", "MW", 40, '15:00:00', '16:15:00');

INSERT INTO SECTION(SECTION_NUMBER, SECTION_COURSE_NUMBER, SECTION_PROFESSOR_SSN, SECTION_CLASSROOM, SECTION_DAYS, SECTION_SEATS, SECTION_BEGINNING_TIME, SECTION_ENDING_TIME)
VALUES		(13644, "EGCP-180", 745652984, "CS-310", "MW", 40, '17:00:00', '18:15:00');

INSERT INTO SECTION(SECTION_NUMBER, SECTION_COURSE_NUMBER, SECTION_PROFESSOR_SSN, SECTION_CLASSROOM, SECTION_DAYS, SECTION_SEATS, SECTION_BEGINNING_TIME, SECTION_ENDING_TIME)
VALUES		(18965, "EGCP-180", 745652984, "CS-310", "TTH", 40, '17:00:00', '18:15:00');

/* Prerequisets */
INSERT INTO PREREQUISET(PREREQUISET_NUMBER, PREREQUISET_COURSE_NUMBER)
VALUES		("CPSC-351", "CPSC-476");

INSERT INTO PREREQUISET(PREREQUISET_NUMBER, PREREQUISET_COURSE_NUMBER)
VALUES		("CPSC-332", "CPSC-476");

INSERT INTO PREREQUISET(PREREQUISET_NUMBER, PREREQUISET_COURSE_NUMBER)
VALUES		("CPSC-131", "CPSC-332");

INSERT INTO PREREQUISET(PREREQUISET_NUMBER, PREREQUISET_COURSE_NUMBER)
VALUES		("CPSC-351", "CPSC-471");

INSERT INTO PREREQUISET(PREREQUISET_NUMBER, PREREQUISET_COURSE_NUMBER)
VALUES		("CPSC-301", "CPSC-351");

INSERT INTO PREREQUISET(PREREQUISET_NUMBER, PREREQUISET_COURSE_NUMBER)
VALUES		("MATH-150B", "Phys-101");

INSERT INTO PREREQUISET(PREREQUISET_NUMBER, PREREQUISET_COURSE_NUMBER)
VALUES		("CPSC-120", "EGCP-180");

/* Students */
INSERT INTO STUDENT(STUDENT_CCWID, STUDENT_DEPARTMENT_NUMBER, STUDENT_FIRST_NAME, STUDENT_LAST_NAME,STUDENT_PHONE,STUDENT_STREET,STUDENT_CITY, STUDENT_STATE, STUDENT_ZIP)
VALUES		(9123456789, 12345, "Sean", "Franklin", 7148929183, "1083 Chapman Ave.", "Orange", "CA", 92804);

INSERT INTO STUDENT(STUDENT_CCWID, STUDENT_DEPARTMENT_NUMBER, STUDENT_FIRST_NAME, STUDENT_LAST_NAME,STUDENT_PHONE,STUDENT_STREET,STUDENT_CITY, STUDENT_STATE, STUDENT_ZIP)
VALUES		(1837492844, 12345, "Jack", "Corlin", 3107489183, "928 Nutwood Ave.", "Fullerton", "CA", 92806);

INSERT INTO STUDENT(STUDENT_CCWID, STUDENT_DEPARTMENT_NUMBER, STUDENT_FIRST_NAME, STUDENT_LAST_NAME,STUDENT_PHONE,STUDENT_STREET,STUDENT_CITY, STUDENT_STATE, STUDENT_ZIP)
VALUES		(1873718313, 12345, "Brian", "Mathews", 6267849173, "1082 Lincoln Ave.", "Anaheim", "CA", 92801);

INSERT INTO STUDENT(STUDENT_CCWID, STUDENT_DEPARTMENT_NUMBER, STUDENT_FIRST_NAME, STUDENT_LAST_NAME,STUDENT_PHONE,STUDENT_STREET,STUDENT_CITY, STUDENT_STATE, STUDENT_ZIP)
VALUES		(7298748711, 12345, "Alice", "Lee", 7148397173, "910 Beach Blvd.", "Anaheim", "CA", 92801);

INSERT INTO STUDENT(STUDENT_CCWID, STUDENT_DEPARTMENT_NUMBER, STUDENT_FIRST_NAME, STUDENT_LAST_NAME,STUDENT_PHONE,STUDENT_STREET,STUDENT_CITY, STUDENT_STATE, STUDENT_ZIP)
VALUES		(5827471849, 12345, "Alex", "Johnston", 2138492848, "1082 Euclid Ave.", "Anaheim", "CA", 92801);

INSERT INTO STUDENT(STUDENT_CCWID, STUDENT_DEPARTMENT_NUMBER, STUDENT_FIRST_NAME, STUDENT_LAST_NAME,STUDENT_PHONE,STUDENT_STREET,STUDENT_CITY, STUDENT_STATE, STUDENT_ZIP)
VALUES		(1123456229, 54321, "David", "Backstrom", 7148329018, "948 Yorba Linda Blvd.", "Fullerton", "CA", 92806);

INSERT INTO STUDENT(STUDENT_CCWID, STUDENT_DEPARTMENT_NUMBER, STUDENT_FIRST_NAME, STUDENT_LAST_NAME,STUDENT_PHONE,STUDENT_STREET,STUDENT_CITY, STUDENT_STATE, STUDENT_ZIP)
VALUES		(2142456789, 54321, "Jessica", "Fowler", 3108479482, "125 Tustin Blvd.", "Orange", "CA", 92805);

INSERT INTO STUDENT(STUDENT_CCWID, STUDENT_DEPARTMENT_NUMBER, STUDENT_FIRST_NAME, STUDENT_LAST_NAME,STUDENT_PHONE,STUDENT_STREET,STUDENT_CITY, STUDENT_STATE, STUDENT_ZIP)
VALUES		(7142981789, 54321, "Robert", "Ballard", 2139489183, "1033 State College Blvd.", "Fullerton", "CA", 92805);

INSERT INTO STUDENT(STUDENT_CCWID, STUDENT_DEPARTMENT_NUMBER, STUDENT_FIRST_NAME, STUDENT_LAST_NAME,STUDENT_PHONE,STUDENT_STREET,STUDENT_CITY, STUDENT_STATE, STUDENT_ZIP)
VALUES		(5141181789, 65423, "Chris", "Stevens", 2728489482, "1048 State College Blvd.", "Fullerton", "CA", 92805);

INSERT INTO STUDENT(STUDENT_CCWID, STUDENT_DEPARTMENT_NUMBER, STUDENT_FIRST_NAME, STUDENT_LAST_NAME,STUDENT_PHONE,STUDENT_STREET,STUDENT_CITY, STUDENT_STATE, STUDENT_ZIP)
VALUES		(3244981789, 65423, "Steve", "Johnson", 3120847293, "1783 Nutwood Ave.", "Fullerton", "CA", 92805);

INSERT INTO STUDENT(STUDENT_CCWID, STUDENT_DEPARTMENT_NUMBER, STUDENT_FIRST_NAME, STUDENT_LAST_NAME,STUDENT_PHONE,STUDENT_STREET,STUDENT_CITY, STUDENT_STATE, STUDENT_ZIP)
VALUES		(2924981789, 65423, "Kristen", "Rocha", 7142897372, "1482 Nutwood Ave.", "Fullerton", "CA", 92805);

INSERT INTO STUDENT(STUDENT_CCWID, STUDENT_DEPARTMENT_NUMBER, STUDENT_FIRST_NAME, STUDENT_LAST_NAME,STUDENT_PHONE,STUDENT_STREET,STUDENT_CITY, STUDENT_STATE, STUDENT_ZIP)
VALUES		(7144981989, 65423, "Stewart", "Bradley", 7148289382, "1628 Beach Blvd.", "Anaheim", "CA", 92805);

INSERT INTO STUDENT(STUDENT_CCWID, STUDENT_DEPARTMENT_NUMBER, STUDENT_FIRST_NAME, STUDENT_LAST_NAME,STUDENT_PHONE,STUDENT_STREET,STUDENT_CITY, STUDENT_STATE, STUDENT_ZIP)
VALUES		(1724981789, 65423, "Steve", "Johnson", 3120847293, "1783 Nutwood Ave.", "Fullerton", "CA", 92805);

INSERT INTO STUDENT(STUDENT_CCWID, STUDENT_DEPARTMENT_NUMBER, STUDENT_FIRST_NAME, STUDENT_LAST_NAME,STUDENT_PHONE,STUDENT_STREET,STUDENT_CITY, STUDENT_STATE, STUDENT_ZIP)
VALUES		(4984981789, 10478, "David", "Berding", 7143829492, "182 Main St.", "Santa Ana", "CA", 92804);

INSERT INTO STUDENT(STUDENT_CCWID, STUDENT_DEPARTMENT_NUMBER, STUDENT_FIRST_NAME, STUDENT_LAST_NAME,STUDENT_PHONE,STUDENT_STREET,STUDENT_CITY, STUDENT_STATE, STUDENT_ZIP)
VALUES		(1684981789, 10478, "Robert", "Abitia", 3104828492, "193 Oak St.", "Anaheim", "CA", 92804);

INSERT INTO STUDENT(STUDENT_CCWID, STUDENT_DEPARTMENT_NUMBER, STUDENT_FIRST_NAME, STUDENT_LAST_NAME,STUDENT_PHONE,STUDENT_STREET,STUDENT_CITY, STUDENT_STATE, STUDENT_ZIP)
VALUES		(5144981789, 10478, "Nick", "Martin", 3101772839, "172 Valley View", "Cypress", "CA", 92801);

/* Student Minors */

/*CS Minors */
INSERT INTO MINORS(MINOR_DEPARTMENT_NUMBER, MINOR_STUDENT_CCWID)
VALUES		(12345, 1684981789);

INSERT INTO MINORS(MINOR_DEPARTMENT_NUMBER, MINOR_STUDENT_CCWID)
VALUES		(12345, 5141181789);

INSERT INTO MINORS(MINOR_DEPARTMENT_NUMBER, MINOR_STUDENT_CCWID)
VALUES		(12345, 5827471849);

INSERT INTO MINORS(MINOR_DEPARTMENT_NUMBER, MINOR_STUDENT_CCWID)
VALUES		(12345, 5144981789);

INSERT INTO MINORS(MINOR_DEPARTMENT_NUMBER, MINOR_STUDENT_CCWID)
VALUES		(12345, 2142456789);

/* Comp Engineering minors */
INSERT INTO MINORS(MINOR_DEPARTMENT_NUMBER, MINOR_STUDENT_CCWID)
VALUES		(65423, 1873718313);

INSERT INTO MINORS(MINOR_DEPARTMENT_NUMBER, MINOR_STUDENT_CCWID)
VALUES		(65423, 1837492844);

INSERT INTO MINORS(MINOR_DEPARTMENT_NUMBER, MINOR_STUDENT_CCWID)
VALUES		(65423, 9123456789);

INSERT INTO MINORS(MINOR_DEPARTMENT_NUMBER, MINOR_STUDENT_CCWID)
VALUES		(65423, 4984981789);

/*Biology Minors */
INSERT INTO MINORS(MINOR_DEPARTMENT_NUMBER, MINOR_STUDENT_CCWID)
VALUES		(10478, 7298748711);

INSERT INTO MINORS(MINOR_DEPARTMENT_NUMBER, MINOR_STUDENT_CCWID)
VALUES		(10478, 9123456789);

/*Physics Minors */
INSERT INTO MINORS(MINOR_DEPARTMENT_NUMBER, MINOR_STUDENT_CCWID)
VALUES		(54321, 1873718313);

INSERT INTO MINORS(MINOR_DEPARTMENT_NUMBER, MINOR_STUDENT_CCWID)
VALUES		(54321, 5141181789);


/*Enrollments */
INSERT INTO ENROLLMENT(ENROLLMENT_CCWID, ENROLLMENT_SECTION_NUMBER,ENROLLMENT_COURSE_NUMBER, ENROLLMENT_GRADE)
VALUES      (9123456789, 52314, "CPSC-332", 'A+');

INSERT INTO ENROLLMENT(ENROLLMENT_CCWID, ENROLLMENT_SECTION_NUMBER,ENROLLMENT_COURSE_NUMBER, ENROLLMENT_GRADE)
VALUES      (9123456789, 13654, "CPSC-471", 'B+');

INSERT INTO ENROLLMENT(ENROLLMENT_CCWID, ENROLLMENT_SECTION_NUMBER,ENROLLMENT_COURSE_NUMBER, ENROLLMENT_GRADE)
VALUES      (9123456789, 27743, "PHYS-101", 'B+');

INSERT INTO ENROLLMENT(ENROLLMENT_CCWID, ENROLLMENT_SECTION_NUMBER,ENROLLMENT_COURSE_NUMBER, ENROLLMENT_GRADE)
VALUES      (9123456789, 18965, "EGCP-180", 'B+');

INSERT INTO ENROLLMENT(ENROLLMENT_CCWID, ENROLLMENT_SECTION_NUMBER,ENROLLMENT_COURSE_NUMBER, ENROLLMENT_GRADE)
VALUES      (1837492844, 52314, "CPSC-332", 'B');

INSERT INTO ENROLLMENT(ENROLLMENT_CCWID, ENROLLMENT_SECTION_NUMBER,ENROLLMENT_COURSE_NUMBER, ENROLLMENT_GRADE)
VALUES      (1837492844, 13654, "CPSC-471", 'C+');

INSERT INTO ENROLLMENT(ENROLLMENT_CCWID, ENROLLMENT_SECTION_NUMBER,ENROLLMENT_COURSE_NUMBER, ENROLLMENT_GRADE)
VALUES      (1837492844, 27743, "PHYS-101", 'B-');

INSERT INTO ENROLLMENT(ENROLLMENT_CCWID, ENROLLMENT_SECTION_NUMBER,ENROLLMENT_COURSE_NUMBER, ENROLLMENT_GRADE)
VALUES      (1837492844, 18965, "EGCP-180", 'A-');

INSERT INTO ENROLLMENT(ENROLLMENT_CCWID, ENROLLMENT_SECTION_NUMBER,ENROLLMENT_COURSE_NUMBER, ENROLLMENT_GRADE)
VALUES      (2142456789, 19865, "EGCP-101", 'A-');

INSERT INTO ENROLLMENT(ENROLLMENT_CCWID, ENROLLMENT_SECTION_NUMBER,ENROLLMENT_COURSE_NUMBER, ENROLLMENT_GRADE)
VALUES      (1837492844, 27863, "BIOL-101", 'A');

INSERT INTO ENROLLMENT(ENROLLMENT_CCWID, ENROLLMENT_SECTION_NUMBER,ENROLLMENT_COURSE_NUMBER, ENROLLMENT_GRADE)
VALUES      (2142456789, 27863, "BIOL-101", 'A-');

INSERT INTO ENROLLMENT(ENROLLMENT_CCWID, ENROLLMENT_SECTION_NUMBER,ENROLLMENT_COURSE_NUMBER, ENROLLMENT_GRADE)
VALUES      (2142456789, 27456, "PHYS-101", 'B-');

INSERT INTO ENROLLMENT(ENROLLMENT_CCWID, ENROLLMENT_SECTION_NUMBER,ENROLLMENT_COURSE_NUMBER, ENROLLMENT_GRADE)
VALUES      (2142456789, 19823, "EGCP-101", 'A-');

INSERT INTO ENROLLMENT(ENROLLMENT_CCWID, ENROLLMENT_SECTION_NUMBER,ENROLLMENT_COURSE_NUMBER, ENROLLMENT_GRADE)
VALUES      (2142456789, 13654, "CPSC-471", 'B+');

INSERT INTO ENROLLMENT(ENROLLMENT_CCWID, ENROLLMENT_SECTION_NUMBER,ENROLLMENT_COURSE_NUMBER, ENROLLMENT_GRADE)
VALUES      (2142456789, 52314, "CPSC-332", 'C+');

INSERT INTO ENROLLMENT(ENROLLMENT_CCWID, ENROLLMENT_SECTION_NUMBER,ENROLLMENT_COURSE_NUMBER, ENROLLMENT_GRADE)
VALUES      (4984981789, 27863, "BIOL-101", 'A');

INSERT INTO ENROLLMENT(ENROLLMENT_CCWID, ENROLLMENT_SECTION_NUMBER,ENROLLMENT_COURSE_NUMBER, ENROLLMENT_GRADE)
VALUES      (4984981789, 27456, "PHYS-101", 'B-');

INSERT INTO ENROLLMENT(ENROLLMENT_CCWID, ENROLLMENT_SECTION_NUMBER,ENROLLMENT_COURSE_NUMBER, ENROLLMENT_GRADE)
VALUES      (4984981789, 52314, "CPSC-332", 'C+');

INSERT INTO ENROLLMENT(ENROLLMENT_CCWID, ENROLLMENT_SECTION_NUMBER,ENROLLMENT_COURSE_NUMBER, ENROLLMENT_GRADE)
VALUES      (4984981789, 18965, "EGCP-180", 'A-');

INSERT INTO ENROLLMENT(ENROLLMENT_CCWID, ENROLLMENT_SECTION_NUMBER,ENROLLMENT_COURSE_NUMBER, ENROLLMENT_GRADE)
VALUES      (4984981789, 19823, "EGCP-101", 'A-');

INSERT INTO ENROLLMENT(ENROLLMENT_CCWID, ENROLLMENT_SECTION_NUMBER,ENROLLMENT_COURSE_NUMBER, ENROLLMENT_GRADE)
VALUES      (3244981789, 52314, "CPSC-332", 'B+');

INSERT INTO ENROLLMENT(ENROLLMENT_CCWID, ENROLLMENT_SECTION_NUMBER,ENROLLMENT_COURSE_NUMBER, ENROLLMENT_GRADE)
VALUES      (3244981789, 13654, "CPSC-471", 'B');

INSERT INTO ENROLLMENT(ENROLLMENT_CCWID, ENROLLMENT_SECTION_NUMBER,ENROLLMENT_COURSE_NUMBER, ENROLLMENT_GRADE)
VALUES      (3244981789, 27743, "PHYS-101", 'C+');

INSERT INTO ENROLLMENT(ENROLLMENT_CCWID, ENROLLMENT_SECTION_NUMBER,ENROLLMENT_COURSE_NUMBER, ENROLLMENT_GRADE)
VALUES      (3244981789, 18965, "EGCP-180", 'B-');

INSERT INTO ENROLLMENT(ENROLLMENT_CCWID, ENROLLMENT_SECTION_NUMBER,ENROLLMENT_COURSE_NUMBER, ENROLLMENT_GRADE)
VALUES      (3244981789, 19865, "EGCP-101", 'A-');

INSERT INTO ENROLLMENT(ENROLLMENT_CCWID, ENROLLMENT_SECTION_NUMBER,ENROLLMENT_COURSE_NUMBER, ENROLLMENT_GRADE)
VALUES      (5144981789, 52314, "CPSC-332", 'B+');

INSERT INTO ENROLLMENT(ENROLLMENT_CCWID, ENROLLMENT_SECTION_NUMBER,ENROLLMENT_COURSE_NUMBER, ENROLLMENT_GRADE)
VALUES      (5144981789, 13654, "CPSC-471", 'F');

INSERT INTO ENROLLMENT(ENROLLMENT_CCWID, ENROLLMENT_SECTION_NUMBER,ENROLLMENT_COURSE_NUMBER, ENROLLMENT_GRADE)
VALUES      (5144981789, 27743, "PHYS-101", 'C+');

INSERT INTO ENROLLMENT(ENROLLMENT_CCWID, ENROLLMENT_SECTION_NUMBER,ENROLLMENT_COURSE_NUMBER, ENROLLMENT_GRADE)
VALUES      (5144981789, 18965, "EGCP-180", 'B-');

INSERT INTO ENROLLMENT(ENROLLMENT_CCWID, ENROLLMENT_SECTION_NUMBER,ENROLLMENT_COURSE_NUMBER, ENROLLMENT_GRADE)
VALUES      (1684981789, 52314, "CPSC-332", 'B+');

INSERT INTO ENROLLMENT(ENROLLMENT_CCWID, ENROLLMENT_SECTION_NUMBER,ENROLLMENT_COURSE_NUMBER, ENROLLMENT_GRADE)
VALUES      (1684981789, 13654, "CPSC-471", 'D');

INSERT INTO ENROLLMENT(ENROLLMENT_CCWID, ENROLLMENT_SECTION_NUMBER,ENROLLMENT_COURSE_NUMBER, ENROLLMENT_GRADE)
VALUES      (1684981789, 27743, "PHYS-101", 'C+');

INSERT INTO ENROLLMENT(ENROLLMENT_CCWID, ENROLLMENT_SECTION_NUMBER,ENROLLMENT_COURSE_NUMBER, ENROLLMENT_GRADE)
VALUES      (1684981789, 18965, "EGCP-180", 'B-');

INSERT INTO ENROLLMENT(ENROLLMENT_CCWID, ENROLLMENT_SECTION_NUMBER,ENROLLMENT_COURSE_NUMBER, ENROLLMENT_GRADE)
VALUES      (1724981789, 52314, "CPSC-332", 'C+');

INSERT INTO ENROLLMENT(ENROLLMENT_CCWID, ENROLLMENT_SECTION_NUMBER,ENROLLMENT_COURSE_NUMBER, ENROLLMENT_GRADE)
VALUES      (1724981789, 24536, "BIOL-301", 'A-');

INSERT INTO ENROLLMENT(ENROLLMENT_CCWID, ENROLLMENT_SECTION_NUMBER,ENROLLMENT_COURSE_NUMBER, ENROLLMENT_GRADE)
VALUES      (1724981789, 13454, "CPSC-471", 'D');

INSERT INTO ENROLLMENT(ENROLLMENT_CCWID, ENROLLMENT_SECTION_NUMBER,ENROLLMENT_COURSE_NUMBER, ENROLLMENT_GRADE)
VALUES      (1724981789, 27743, "PHYS-101", 'A+');

INSERT INTO ENROLLMENT(ENROLLMENT_CCWID, ENROLLMENT_SECTION_NUMBER,ENROLLMENT_COURSE_NUMBER, ENROLLMENT_GRADE)
VALUES      (1724981789, 18965, "EGCP-180", 'C-');

INSERT INTO ENROLLMENT(ENROLLMENT_CCWID, ENROLLMENT_SECTION_NUMBER,ENROLLMENT_COURSE_NUMBER, ENROLLMENT_GRADE)
VALUES      (2924981789, 27863, "BIOL-101", 'A');

INSERT INTO ENROLLMENT(ENROLLMENT_CCWID, ENROLLMENT_SECTION_NUMBER,ENROLLMENT_COURSE_NUMBER, ENROLLMENT_GRADE)
VALUES      (2924981789, 27456, "PHYS-101", 'B-');

INSERT INTO ENROLLMENT(ENROLLMENT_CCWID, ENROLLMENT_SECTION_NUMBER,ENROLLMENT_COURSE_NUMBER, ENROLLMENT_GRADE)
VALUES      (2924981789, 52314, "CPSC-332", 'C+');

INSERT INTO ENROLLMENT(ENROLLMENT_CCWID, ENROLLMENT_SECTION_NUMBER,ENROLLMENT_COURSE_NUMBER, ENROLLMENT_GRADE)
VALUES      (2924981789, 18965, "EGCP-180", 'A-');

INSERT INTO ENROLLMENT(ENROLLMENT_CCWID, ENROLLMENT_SECTION_NUMBER,ENROLLMENT_COURSE_NUMBER, ENROLLMENT_GRADE)
VALUES      (7142981789, 27863, "BIOL-101", 'A');

INSERT INTO ENROLLMENT(ENROLLMENT_CCWID, ENROLLMENT_SECTION_NUMBER,ENROLLMENT_COURSE_NUMBER, ENROLLMENT_GRADE)
VALUES      (7142981789, 27456, "PHYS-101", 'B-');

INSERT INTO ENROLLMENT(ENROLLMENT_CCWID, ENROLLMENT_SECTION_NUMBER,ENROLLMENT_COURSE_NUMBER, ENROLLMENT_GRADE)
VALUES      (7142981789, 52314, "CPSC-332", 'C+');

INSERT INTO ENROLLMENT(ENROLLMENT_CCWID, ENROLLMENT_SECTION_NUMBER,ENROLLMENT_COURSE_NUMBER, ENROLLMENT_GRADE)
VALUES      (7142981789, 18965, "EGCP-180", 'A-');

INSERT INTO ENROLLMENT(ENROLLMENT_CCWID, ENROLLMENT_SECTION_NUMBER,ENROLLMENT_COURSE_NUMBER, ENROLLMENT_GRADE)
VALUES      (5141181789, 27863, "BIOL-101", 'C');

INSERT INTO ENROLLMENT(ENROLLMENT_CCWID, ENROLLMENT_SECTION_NUMBER,ENROLLMENT_COURSE_NUMBER, ENROLLMENT_GRADE)
VALUES      (5141181789, 27456, "PHYS-101", 'A-');

INSERT INTO ENROLLMENT(ENROLLMENT_CCWID, ENROLLMENT_SECTION_NUMBER,ENROLLMENT_COURSE_NUMBER, ENROLLMENT_GRADE)
VALUES      (5141181789, 52314, "CPSC-332", 'B+');

INSERT INTO ENROLLMENT(ENROLLMENT_CCWID, ENROLLMENT_SECTION_NUMBER,ENROLLMENT_COURSE_NUMBER, ENROLLMENT_GRADE)
VALUES      (5141181789, 18965, "EGCP-180", 'C-');

INSERT INTO ENROLLMENT(ENROLLMENT_CCWID, ENROLLMENT_SECTION_NUMBER,ENROLLMENT_COURSE_NUMBER, ENROLLMENT_GRADE)
VALUES      (1123456229, 52314, "CPSC-332", 'B');

INSERT INTO ENROLLMENT(ENROLLMENT_CCWID, ENROLLMENT_SECTION_NUMBER,ENROLLMENT_COURSE_NUMBER, ENROLLMENT_GRADE)
VALUES      (1123456229, 13454, "CPSC-471", 'C+');

INSERT INTO ENROLLMENT(ENROLLMENT_CCWID, ENROLLMENT_SECTION_NUMBER,ENROLLMENT_COURSE_NUMBER, ENROLLMENT_GRADE)
VALUES      (1123456229, 27743, "PHYS-101", 'B-');

INSERT INTO ENROLLMENT(ENROLLMENT_CCWID, ENROLLMENT_SECTION_NUMBER,ENROLLMENT_COURSE_NUMBER, ENROLLMENT_GRADE)
VALUES      (1123456229, 18965, "EGCP-180", 'A-');

INSERT INTO ENROLLMENT(ENROLLMENT_CCWID, ENROLLMENT_SECTION_NUMBER,ENROLLMENT_COURSE_NUMBER, ENROLLMENT_GRADE)
VALUES      (1123456229, 27863, "BIOL-101", 'A');

INSERT INTO ENROLLMENT(ENROLLMENT_CCWID, ENROLLMENT_SECTION_NUMBER,ENROLLMENT_COURSE_NUMBER, ENROLLMENT_GRADE)
VALUES      (1123456229, 24536, "BIOL-301", 'A-');

INSERT INTO ENROLLMENT(ENROLLMENT_CCWID, ENROLLMENT_SECTION_NUMBER,ENROLLMENT_COURSE_NUMBER, ENROLLMENT_GRADE)
VALUES      (1873718313, 52314, "CPSC-332", 'C');

INSERT INTO ENROLLMENT(ENROLLMENT_CCWID, ENROLLMENT_SECTION_NUMBER,ENROLLMENT_COURSE_NUMBER, ENROLLMENT_GRADE)
VALUES      (1873718313, 13454, "CPSC-471", 'B+');

INSERT INTO ENROLLMENT(ENROLLMENT_CCWID, ENROLLMENT_SECTION_NUMBER,ENROLLMENT_COURSE_NUMBER, ENROLLMENT_GRADE)
VALUES      (1873718313, 27743, "PHYS-101", 'D+');

INSERT INTO ENROLLMENT(ENROLLMENT_CCWID, ENROLLMENT_SECTION_NUMBER,ENROLLMENT_COURSE_NUMBER, ENROLLMENT_GRADE)
VALUES      (1873718313, 18965, "EGCP-180", 'C');

INSERT INTO ENROLLMENT(ENROLLMENT_CCWID, ENROLLMENT_SECTION_NUMBER,ENROLLMENT_COURSE_NUMBER, ENROLLMENT_GRADE)
VALUES      (1873718313, 27863, "BIOL-101", 'A-');

INSERT INTO ENROLLMENT(ENROLLMENT_CCWID, ENROLLMENT_SECTION_NUMBER,ENROLLMENT_COURSE_NUMBER, ENROLLMENT_GRADE)
VALUES      (1873718313, 24536, "BIOL-301", 'A-');